City_ID,City,Lat,Lng,Max Temp,Humidity,Cloudiness,Wind Speed,Country,Date
0,kapa'a,22.0752,-159.319,294.14,88,0,3.09,US,1700929568
1,tucuma,-0.1833,-50.05,304.54,56,53,4.2,BR,1700929568
2,ghat,24.9647,10.1728,292.11,32,0,3.93,LY,1700929568
3,margaret river,-33.95,115.0667,292.25,58,100,7.23,AU,1700929460
4,tiksi,71.6872,128.8694,249.92,96,100,1.61,RU,1700929568
5,taourirt,34.4073,-2.8973,292.59,25,83,2.34,MA,1700929568
6,inari,68.906,27.0288,273.26,96,100,4.07,FI,1700929568
7,albany,42.6001,-73.9662,275.73,51,7,0.45,US,1700929568
8,ushuaia,-54.8,-68.3,288.96,33,75,7.72,AR,1700929561
9,bantay,17.5847,120.3892,299.8,85,38,3.67,PH,1700929569
10,blackmans bay,-43.0167,147.3167,286.33,95,100,0.45,AU,1700929569
11,puerto natales,-51.7236,-72.4875,289.4,41,20,16.46,CL,1700929569
12,longyearbyen,78.2186,15.6401,267.06,73,75,5.14,SJ,1700929200
13,port-aux-francais,-49.35,70.2167,277.83,78,31,13.89,TF,1700929569
14,college,64.8569,-147.8028,266.73,87,100,0.0,US,1700929569
15,camana,-16.6228,-72.7111,295.05,72,99,4.12,PE,1700929569
16,smithers,54.7804,-127.1743,273.33,100,100,0.0,CA,1700929569
17,rio preto da eva,-2.6994,-59.6997,310.02,33,87,2.38,BR,1700929569
18,puerto ayora,-0.7393,-90.3518,303.13,88,77,4.47,EC,1700929569
19,cromwell,41.5951,-72.6454,276.45,42,0,2.57,US,1700929570
20,stanley,54.868,-1.6985,276.92,85,20,3.09,GB,1700929417
21,grytviken,-54.2811,-36.5092,275.68,67,67,3.02,GS,1700929570
22,thompson,55.7435,-97.8558,271.24,86,100,3.09,CA,1700929570
23,nar'yan-mar,67.6713,53.087,256.54,96,79,2.68,RU,1700929431
24,nueva gerona,21.8833,-82.8,300.57,69,29,4.39,CU,1700929570
25,la'ie,21.6477,-157.9253,295.43,85,8,0.89,US,1700929570
26,phayakkhaphum phisai,15.5163,103.1937,300.05,61,89,4.7,TH,1700929570
27,saudarkrokur,65.7461,-19.6394,277.9,89,98,3.84,IS,1700929570
28,riberalta,-10.9833,-66.1,297.26,100,100,2.06,BO,1700929571
29,iqaluit,63.7506,-68.5145,266.0,79,100,9.26,CA,1700929571
30,hawaiian paradise park,19.5933,-154.9731,295.39,89,100,0.0,US,1700929571
31,adamstown,-25.066,-130.1015,294.98,83,73,9.35,PN,1700929571
32,punta arenas,-53.15,-70.9167,288.21,41,0,13.38,CL,1700929571
33,bardai,11.65,7.2333,306.46,26,74,1.25,NG,1700929571
34,isafjordur,66.0755,-23.124,276.17,93,75,1.54,IS,1700929571
35,baharly,38.4362,57.4316,288.58,33,70,2.96,TM,1700929571
36,waitangi,-43.9535,-176.5597,287.49,98,100,2.24,NZ,1700929540
37,bethel,41.3712,-73.414,276.28,50,0,1.34,US,1700929571
38,tazovsky,67.4667,78.7,251.06,84,2,4.51,RU,1700929571
39,pemangkat,1.1667,108.9667,300.19,83,100,2.32,ID,1700929572
40,argo,37.6333,22.7333,289.25,65,20,6.8,GR,1700929572
41,olonkinbyen,70.9221,-8.7187,271.52,78,62,7.11,SJ,1700929572
42,wailua homesteads,22.0669,-159.378,293.39,88,0,3.09,US,1700929572
43,belmonte,-15.8631,-38.8828,298.46,83,71,4.58,BR,1700929572
44,carnarvon,-24.8667,113.6333,294.59,77,0,5.82,AU,1700929572
45,ilulissat,69.2167,-51.1,281.16,57,75,7.72,GL,1700929572
46,stonehaven,56.9637,-2.2118,277.44,74,95,3.2,GB,1700929572
47,the pas,53.8251,-101.2541,270.16,86,40,5.14,CA,1700929572
48,yellowknife,62.456,-114.3525,262.44,73,100,6.17,CA,1700929572
49,rusk,31.796,-95.1502,283.81,100,64,2.89,US,1700929573
50,antsiranana,-12.2787,49.2917,299.46,76,76,6.51,MG,1700929573
51,yuzhno-kurilsk,44.0306,145.8556,272.8,78,100,7.32,RU,1700929573
52,port mathurin,-19.6833,63.4167,297.88,64,5,8.41,MU,1700929573
53,edinburgh of the seven seas,-37.0676,-12.3116,287.1,83,11,8.22,SH,1700929573
54,port elizabeth,-33.918,25.5701,293.32,85,100,3.6,ZA,1700929573
55,constantia,44.1833,28.65,278.54,90,100,10.86,RO,1700929573
56,invercargill,-46.4,168.35,281.49,93,43,0.45,NZ,1700929573
57,chibougamau,49.9168,-74.3659,265.94,79,100,6.17,CA,1700929573
58,saint-philippe,-21.3585,55.7679,297.92,75,46,5.68,RE,1700929573
59,majene,-3.5403,118.9707,299.07,88,100,1.15,ID,1700929574
60,ghadamis,30.1337,9.5007,290.39,37,0,3.9,LY,1700929574
61,sao gabriel,-30.3364,-54.32,296.4,51,35,4.19,BR,1700929574
62,simanggang,1.2472,111.4528,299.14,94,100,0.0,MY,1700929574
63,jamestown,42.097,-79.2353,275.92,64,0,2.68,US,1700929574
64,afaahiti,-17.75,-149.2833,297.08,78,99,9.75,PF,1700929574
65,mala vyska,48.6431,31.6366,274.95,71,100,3.68,UA,1700929574
66,kulhudhuffushi,6.6221,73.07,301.78,72,34,3.75,MV,1700929574
67,susuman,62.7833,148.1667,244.96,94,99,2.45,RU,1700929574
68,puerto aysen,-45.4,-72.7,286.56,87,100,2.85,CL,1700929575
69,badger,64.8,-147.5333,266.68,88,75,0.0,US,1700929575
70,siwa oasis,29.2041,25.5195,292.89,20,0,5.35,EG,1700929575
71,warren,39.4334,-84.1666,277.25,63,0,4.12,US,1700929575
72,lorengau,-2.0226,147.2712,300.2,78,45,1.07,PG,1700929576
73,tynda,55.1667,124.7167,243.2,96,24,1.6,RU,1700929576
74,papatowai,-46.5619,169.4708,282.03,80,50,2.23,NZ,1700929576
75,utrik,11.2278,169.8474,301.09,72,100,9.3,MH,1700929576
76,qarazhal,48.0078,70.7903,272.51,51,79,2.57,KZ,1700929576
77,atafu village,-8.5421,-172.5159,301.63,75,100,3.46,TK,1700929577
78,hohhot,40.8106,111.6522,271.43,57,0,1.0,CN,1700929577
79,kenai,60.5544,-151.2583,276.53,98,100,2.06,US,1700929577
80,fale old settlement,-9.3852,-171.2468,301.21,73,99,2.14,TK,1700929577
81,sao vicente,-23.9631,-46.3919,294.25,70,100,2.68,BR,1700929577
82,praia da vitoria,38.7333,-27.0667,293.01,100,100,5.9,PT,1700929577
83,port augusta,-32.5,137.7667,290.03,77,0,6.92,AU,1700929578
84,gereida,11.2811,25.1414,306.1,19,30,3.16,SD,1700929578
85,vernon,50.2581,-119.2691,274.35,85,68,1.03,CA,1700929578
86,kyneton,-37.25,144.4333,286.58,95,91,1.34,AU,1700929579
87,illizi,26.4833,8.4667,293.04,32,0,2.0,DZ,1700929579
88,novyy urengoy,66.0833,76.6333,252.86,81,0,5.2,RU,1700929466
89,tercan,39.7794,40.3925,277.69,96,98,2.46,TR,1700929579
90,raja,8.4596,25.678,306.07,25,55,1.29,SS,1700929579
91,rio grande,-32.035,-52.0986,296.21,61,77,3.95,BR,1700929562
92,mitsamiouli,-11.3847,43.2844,300.84,77,98,3.13,KM,1700929579
93,georgetown,5.4112,100.3354,300.38,86,20,1.54,MY,1700929334
94,adam,22.3756,57.5233,298.54,38,17,4.18,OM,1700929579
95,saldanha,-33.0117,17.9442,294.18,73,75,9.82,ZA,1700929579
96,kipushi,-11.7667,27.2333,294.36,76,96,2.46,CD,1700929580
97,wanxian,30.8039,108.3897,285.93,91,96,1.0,CN,1700929580
98,naifaru,5.4444,73.3657,301.51,72,40,2.45,MV,1700929580
99,taro,-8.3862,115.28,296.15,95,100,0.4,ID,1700929580
100,saint-joseph,-21.3667,55.6167,297.36,75,37,4.84,RE,1700929580
101,gelendost,38.1208,31.0153,284.29,81,100,9.35,TR,1700929580
102,san patricio,28.017,-97.5169,293.2,75,87,6.9,US,1700929580
103,xining,36.6167,101.7667,273.87,45,2,0.95,CN,1700929580
104,arraial do cabo,-22.9661,-42.0278,298.13,53,75,4.63,BR,1700929581
105,mount pearl,47.5166,-52.7813,273.79,86,100,6.17,CA,1700929581
106,newman,37.3138,-121.0208,279.39,70,0,0.89,US,1700929581
107,nishinoomote,30.7333,131.0,289.95,68,62,4.59,JP,1700929581
108,broome,42.2506,-75.833,275.31,73,100,2.24,US,1700929581
109,san julian,21.0167,-102.1667,289.29,36,3,1.87,MX,1700929581
110,lebu,-37.6167,-73.65,287.72,75,65,7.85,CL,1700929581
111,ancud,-41.8697,-73.8203,286.39,68,59,3.84,CL,1700929581
112,batu pahat,1.8548,102.9325,296.52,94,100,2.51,MY,1700929582
113,tessaoua,13.7574,7.9874,307.53,28,75,1.96,NE,1700929582
114,talnakh,69.4865,88.3972,249.94,98,40,2.63,RU,1700929582
115,barkhan,29.8977,69.5256,289.82,37,100,1.18,PK,1700929582
116,ribeira grande,38.5167,-28.7,293.37,100,75,5.36,PT,1700929582
117,kurumkan,54.3,110.3,253.85,90,100,0.96,RU,1700929582
118,asha,54.9973,57.2722,274.36,98,100,3.58,RU,1700929475
119,avarua,-21.2078,-159.775,297.18,83,75,5.14,CK,1700929582
120,vorgashor,67.5833,63.95,261.57,88,90,3.12,RU,1700929582
121,dudinka,69.4058,86.1778,244.51,100,29,1.35,RU,1700929583
122,ust'-ilimsk,58.0006,102.6619,252.94,100,89,1.0,RU,1700929583
123,high rock,26.6208,-78.2833,297.16,78,88,5.07,BS,1700929583
124,farsan,32.2569,50.561,277.17,50,38,1.8,IR,1700929583
125,belyy yar,53.6039,91.3903,264.09,100,93,0.0,RU,1700929583
126,kimbe,-5.5502,150.1429,297.63,94,45,1.47,PG,1700929583
127,val-d'or,48.1002,-77.7828,271.2,80,20,5.66,CA,1700929583
128,kavaratti,10.5669,72.642,301.97,72,88,4.01,IN,1700929583
129,sanctuary point,-35.1114,150.629,292.77,87,12,2.79,AU,1700929583
130,lihue,21.9789,-159.3672,293.73,88,0,3.09,US,1700929583
131,bredasdorp,-34.5322,20.0403,292.58,54,100,3.78,ZA,1700929584
132,port lincoln,-34.7333,135.8667,288.14,71,99,4.74,AU,1700929584
133,tyukhtet,56.5389,89.3011,268.56,92,100,5.25,RU,1700929584
134,novodvinsk,64.4165,40.8122,257.47,99,100,1.4,RU,1700929584
135,prince rupert,54.3161,-130.3201,279.98,100,100,1.03,CA,1700929584
136,myskhako,44.6714,37.7433,289.03,75,100,9.72,RU,1700929584
137,esmeraldas,-19.7625,-44.3139,301.89,47,78,2.18,BR,1700929584
138,st. john's,47.5649,-52.7093,274.25,86,100,6.17,CA,1700929538
139,hamilton,39.1834,-84.5333,277.99,63,0,3.09,US,1700929584
140,soroca,48.1558,28.2975,273.93,73,100,2.96,MD,1700929584
141,xique xique,-10.8217,-42.7311,307.32,36,27,1.63,BR,1700929585
142,kapit,2.0167,112.9333,296.71,99,100,0.21,MY,1700929585
143,alice springs,-23.7,133.8833,296.9,41,98,2.06,AU,1700929585
144,ust-nera,64.5667,143.2,240.32,100,79,2.72,RU,1700929585
145,kodiak,57.79,-152.4072,276.88,100,100,0.0,US,1700929585
146,hermanus,-34.4187,19.2345,292.1,67,99,3.79,ZA,1700929441
147,karratha,-20.7377,116.8463,301.66,56,84,1.47,AU,1700929585
148,hasaki,35.7333,140.8333,281.09,61,94,4.11,JP,1700929585
149,tazacorte,28.629,-17.9293,295.69,75,75,3.09,ES,1700929585
150,okhotsk,59.3833,143.3,252.44,84,100,9.61,RU,1700929451
151,waingapu,-9.6567,120.2641,300.62,80,100,1.31,ID,1700929585
152,buulobarde,3.8538,45.5674,302.68,44,64,4.15,SO,1700929585
153,torres,-29.3353,-49.7269,296.41,60,17,3.53,BR,1700929586
154,tehri,30.3833,78.4833,286.93,59,27,1.9,IN,1700929586
155,port-vila,-17.7338,168.3219,291.93,100,20,1.54,VU,1700929524
156,igarka,67.4667,86.5833,245.72,98,13,1.36,RU,1700929586
157,bo phloi,14.3236,99.5161,296.89,74,90,2.15,TH,1700929586
158,weno,7.4515,151.8468,300.12,94,75,2.06,FM,1700929586
159,luderitz,-26.6481,15.1594,295.6,52,1,11.3,NA,1700929586
160,kutahya,39.4242,29.9833,282.64,76,97,7.35,TR,1700929586
161,atar,20.5169,-13.0499,302.74,10,0,1.82,MR,1700929586
162,al muwayh,22.4333,41.7583,300.24,41,33,1.93,SA,1700929586
163,assis,-22.6617,-50.4122,296.08,56,99,5.04,BR,1700929587
164,klyuchi,52.2667,79.1667,272.38,47,97,5.26,RU,1700929587
165,tamanrasset,22.785,5.5228,296.1,8,0,2.06,DZ,1700929587
166,tumpat,6.1978,102.171,297.14,94,40,1.03,MY,1700929587
167,west island,-12.1568,96.8225,300.14,74,100,7.2,CC,1700929587
168,tahoua,14.8888,5.2692,307.14,22,0,1.03,NE,1700929587
169,bilibino,68.0546,166.4372,262.87,93,100,2.05,RU,1700929587
170,terespol,52.0755,23.6161,272.7,97,92,3.81,PL,1700929587
171,kokopo,-4.352,152.2633,298.51,88,38,2.08,PG,1700929587
172,springs,-26.25,28.4,301.8,49,65,0.93,ZA,1700929588
173,acarau,-2.8856,-40.12,305.0,54,11,8.46,BR,1700929588
174,sao miguel do araguaia,-13.275,-50.1628,312.39,24,1,1.11,BR,1700929588
175,colomba,14.7167,-91.7333,300.44,83,13,2.38,GT,1700929588
176,sal rei,16.1833,-22.9167,300.26,65,75,8.75,CV,1700929404
177,key west,24.5557,-81.7826,300.15,78,100,4.63,US,1700929588
178,enewetak,11.3474,162.3373,301.16,79,37,9.3,MH,1700929588
179,axim,4.8699,-2.2405,301.52,73,99,5.21,GH,1700929588
180,qaqortoq,60.7167,-46.0333,274.54,99,100,1.94,GL,1700929588
181,vila franca do campo,37.7167,-25.4333,293.38,99,100,4.38,PT,1700929588
182,kalemie,-5.9475,29.1947,295.24,84,100,3.73,CD,1700929588
183,mirny,62.5353,113.9611,239.86,100,14,1.77,RU,1700929589
184,haiku-pauwela,20.9219,-156.3051,296.51,94,20,1.54,US,1700929589
185,zouerate,22.7187,-12.4521,298.18,14,1,3.43,MR,1700929589
186,howard springs,-12.497,131.047,299.1,96,98,1.92,AU,1700929589
187,fraserburgh,57.6874,-2.0184,277.66,70,93,4.81,GB,1700929589
188,sandnessjoen,66.0217,12.6316,254.55,73,16,3.57,NO,1700929589
189,maykop,44.6078,40.1058,286.77,70,94,2.82,RU,1700929386
190,lompoc,34.6391,-120.4579,287.47,75,0,2.06,US,1700929589
191,shimoda,34.6667,138.95,282.1,75,100,4.22,JP,1700929589
192,skjern,55.95,8.5,274.83,86,5,2.68,DK,1700929589
193,aykhal,66.0,111.5,250.58,98,100,2.89,RU,1700929590
194,cockburn town,21.4612,-71.1419,302.13,65,40,5.14,TC,1700929590
195,razampeta,14.1833,79.1667,296.63,92,42,1.51,IN,1700929590
196,istgah-e rah ahan-e garmsar,35.2346,52.3094,286.01,26,74,0.79,IR,1700929590
197,alma,48.5501,-71.6491,265.71,76,75,5.18,CA,1700929590
198,aasiaat,68.7098,-52.8699,270.24,81,100,1.73,GL,1700929590
199,kununurra,-15.7667,128.7333,297.14,88,100,2.57,AU,1700929590
200,hammerfest,70.6634,23.6821,274.4,93,100,6.17,NO,1700929590
201,nizhneangarsk,55.7833,109.55,257.6,72,100,1.79,RU,1700929590
202,saipan,15.1355,145.701,301.54,78,40,6.69,MP,1700929590
203,crane,31.3974,-102.3501,284.82,77,96,7.39,US,1700929590
204,zhezqazghan,47.7833,67.7667,272.38,61,96,2.31,KZ,1700929591
205,whitehorse,60.7161,-135.0538,270.98,92,75,1.03,CA,1700929591
206,anadyr,64.75,177.4833,269.43,100,100,8.0,RU,1700929591
207,udachny,66.4167,112.4,247.84,83,100,2.33,RU,1700929591
208,la ronge,55.1001,-105.2842,271.29,93,100,6.69,CA,1700929591
209,kyzyl-mazhalyk,51.1333,90.6,261.99,94,76,1.34,RU,1700929591
210,chonchi,-42.6128,-73.8092,289.88,49,73,1.19,CL,1700929591
211,dalhart,36.0595,-102.5133,269.16,93,100,1.54,US,1700929591
212,aleksandrovsk-sakhalinskiy,50.8975,142.1561,257.91,70,100,9.97,RU,1700929591
213,jianshui,23.6363,102.8264,286.35,93,5,1.37,CN,1700929591
214,manta,-0.95,-80.7333,302.03,61,75,3.09,EC,1700929591
215,wagenfeld,52.55,8.5833,277.28,82,31,4.61,DE,1700929592
216,laojunmiao,39.8333,97.7333,275.74,21,75,3.48,CN,1700929592
217,dunedin,-45.8742,170.5036,281.37,77,5,0.45,NZ,1700929592
218,saint croix,17.7397,-64.7388,303.4,83,20,4.12,VI,1700929592
219,fort st. john,56.2499,-120.8529,274.09,93,75,2.06,CA,1700929592
220,yarmouth,41.7057,-70.2286,275.45,56,0,5.36,US,1700929592
221,taoudenni,22.6783,-3.9836,298.18,12,38,3.51,ML,1700929592
222,san jose del guaviare,2.5729,-72.6459,297.78,91,100,0.68,CO,1700929592
223,tshabong,-26.05,22.45,309.0,20,14,3.92,BW,1700929592
224,bamboo flat,11.7,92.7167,301.2,74,40,3.09,IN,1700929592
225,ballina,-28.8667,153.5667,291.92,85,100,1.99,AU,1700929593
226,manokwari,-0.8667,134.0833,298.87,84,55,1.47,ID,1700929593
227,broken hill,-31.95,141.4333,291.64,56,10,6.96,AU,1700929593
228,zagora,30.3484,-5.8365,291.37,22,100,1.42,MA,1700929593
229,vodnyy,63.5046,53.4095,259.49,97,98,1.79,RU,1700929593
230,behshahr,36.6923,53.5526,288.12,33,2,2.87,IR,1700929593
231,jabor,5.921,169.6434,301.11,81,99,6.8,MH,1700929593
232,abu,24.6,72.7,289.69,42,80,1.8,IN,1700929593
233,campo viera,-27.3833,-55.0333,302.51,42,22,1.59,AR,1700929593
234,nova sintra,14.8667,-24.7167,295.82,72,3,9.53,CV,1700929593
235,east london,-33.0153,27.9116,293.67,94,100,2.57,ZA,1700929594
236,nchelenge,-9.3451,28.734,294.84,84,100,3.12,ZM,1700929594
237,ulsteinvik,62.3432,5.8487,278.01,88,98,0.89,NO,1700929594
238,tolanaro,-25.0319,46.9987,298.19,73,20,11.83,MG,1700929594
239,jalalaqsi,3.3766,45.5996,301.67,61,99,5.55,SO,1700929594
240,sechura,-5.5569,-80.8222,298.6,58,49,4.15,PE,1700929594
241,sukhodol,53.9006,51.2117,273.97,95,100,4.76,RU,1700929594
242,apolinario saravia,-24.4328,-63.9954,298.54,40,91,4.79,AR,1700929595
243,sinabang,2.4803,96.3801,299.47,81,100,2.47,ID,1700929595
244,kijang,35.2442,129.2139,273.0,36,22,3.04,KR,1700929595
245,na mom,6.9586,100.5568,297.06,100,75,2.06,TH,1700929595
246,lata,40.1629,-8.3327,289.77,61,41,1.02,PT,1700929595
247,inirida,3.8653,-67.9239,301.78,77,93,1.94,CO,1700929595
248,letlhakane,-21.4167,25.5833,310.02,8,6,5.74,BW,1700929595
249,vila velha,-20.3297,-40.2925,300.12,67,75,8.23,BR,1700929595
250,kapoeta,4.7717,33.5903,305.03,36,95,4.35,SS,1700929595
251,bolivar,37.6145,-93.4105,278.78,75,93,3.0,US,1700929553
252,colac,-38.3333,143.5833,288.24,97,99,3.43,AU,1700929596
253,evora,38.5667,-7.9,287.22,62,7,1.95,PT,1700929596
254,vilyuchinsk,52.9306,158.4028,268.3,74,19,8.77,RU,1700929596
255,bikenibeu village,1.3673,173.1241,301.13,89,75,1.03,KI,1700929596
256,vila do maio,15.1333,-23.2167,302.59,69,0,7.01,CV,1700929596
257,greenville,35.6127,-77.3663,282.24,59,0,6.17,US,1700929596
258,baoding,38.8511,115.4903,271.4,29,36,1.3,CN,1700929574
259,marsh harbour,26.5412,-77.0636,297.83,77,100,4.78,BS,1700929596
260,calama,-22.4667,-68.9333,296.42,10,0,6.69,CL,1700929596
261,gizo,-8.103,156.8419,300.96,78,60,1.49,SB,1700929596
262,porvoo,60.3923,25.6651,265.31,85,35,2.45,FI,1700929310
263,hami,42.8,93.45,274.13,31,97,2.35,CN,1700929596
264,pascagoula,30.3658,-88.5561,291.55,55,75,2.57,US,1700929597
265,alaghsas,17.0187,8.0168,306.09,16,90,2.06,NE,1700929597
266,nyurba,63.2842,118.3319,239.34,100,63,2.05,RU,1700929597
267,sumbawanga,-7.9667,31.6167,290.58,85,96,0.99,TZ,1700929597
268,novokayakent,42.3937,47.9861,285.33,76,4,3.2,RU,1700929597
269,labrador city,52.9463,-66.9114,261.1,72,75,7.72,CA,1700929597
270,nuuk,64.1835,-51.7216,276.49,70,75,21.09,GL,1700929597
271,guaduas,5.0669,-74.595,298.49,65,96,1.57,CO,1700929598
272,ardabil,38.2498,48.2933,284.9,28,75,9.77,IR,1700929531
273,ariquemes,-9.9133,-63.0408,296.5,95,100,1.18,BR,1700929598
274,salinopolis,-0.6136,-47.3561,303.8,63,54,5.98,BR,1700929598
275,tambura,5.6,27.4667,296.72,85,66,1.02,SS,1700929598
276,puerto lempira,15.2667,-83.7667,304.23,66,40,4.12,HN,1700929598
277,szeghalom,47.0333,21.1667,274.81,76,100,5.74,HU,1700929598
278,muynoq,43.7683,59.0214,281.64,41,100,5.19,UZ,1700929598
279,queenstown,-31.8976,26.8753,292.52,81,74,6.06,ZA,1700929598
280,touros,-5.1989,-35.4608,303.41,53,36,6.42,BR,1700929598
281,marka,1.7159,44.7717,301.05,78,98,5.2,SO,1700929599
282,suva,-18.1416,178.4415,295.86,94,75,0.0,FJ,1700929599
283,gadzhiyevo,69.2551,33.3362,267.73,92,100,1.41,RU,1700929599
284,sarangani,5.4033,125.4636,301.67,75,93,8.68,PH,1700929599
285,keflavik,64.0049,-22.5624,280.39,93,100,3.6,IS,1700929599
286,porto novo,6.4965,2.6036,302.05,64,81,4.0,BJ,1700929599
287,bandon,51.7469,-8.7425,281.92,90,100,3.9,IE,1700929460
288,itamaraca,-7.7478,-34.8256,303.18,55,50,5.02,BR,1700929599
289,bafoulabe,13.8065,-10.8321,309.45,8,35,2.24,ML,1700929599
290,holualoa,19.6228,-155.9522,294.19,80,0,2.06,US,1700929599
291,nemuro,43.3236,145.575,271.4,56,31,9.26,JP,1700929600
292,kingston,17.997,-76.7936,304.68,67,75,1.03,JM,1700929600
293,asau,46.4333,26.4,272.75,97,100,1.68,RO,1700929600
294,sisimiut,66.9395,-53.6735,273.58,81,100,2.82,GL,1700929600
295,lakatoro,-16.0999,167.4164,296.9,76,41,3.5,VU,1700929600
296,merizo village,13.2658,144.6691,301.0,89,19,7.42,GU,1700929600
297,arenapolis,-14.4503,-56.8461,310.5,31,42,2.48,BR,1700929600
298,debark',13.1561,37.8981,286.57,56,25,0.73,ET,1700929600
299,ilhabela,-23.7781,-45.3581,292.51,87,100,1.29,BR,1700929600
300,santiago,-33.4569,-70.6483,302.2,42,0,6.17,CL,1700929255
301,keila,59.3036,24.4131,268.03,74,75,4.12,EE,1700929601
302,iskateley,67.6803,53.1512,256.49,96,79,2.68,RU,1700929602
303,kupang,-10.1667,123.5833,300.47,94,95,1.54,ID,1700929602
304,cabo san lucas,22.8909,-109.9124,298.99,67,0,1.03,MX,1700929602
305,nattarasankottai,9.8667,78.5667,298.32,87,97,3.63,IN,1700929602
306,mossel bay,-34.1831,22.146,293.11,72,100,3.12,ZA,1700929602
307,saint-pierre,-21.3393,55.4781,297.97,69,75,1.03,RE,1700929602
308,arkhangel'sk,64.5401,40.5433,257.66,99,100,1.3,RU,1700929602
309,thunder bay,48.4001,-89.3168,270.14,39,75,4.12,CA,1700929603
310,as sulayyil,20.4607,45.5779,300.29,26,96,4.62,SA,1700929603
311,sosnogorsk,63.6023,53.8817,259.56,96,99,1.79,RU,1700929603
312,wadgaon,18.7333,73.65,296.88,65,70,0.64,IN,1700929603
313,moree,-29.4667,149.85,291.4,87,100,4.28,AU,1700929603
314,kapuskasing,49.4169,-82.4331,273.2,55,20,9.77,CA,1700929603
315,zhangye,38.9342,100.4517,276.5,28,0,3.25,CN,1700929603
316,fisterra,42.9049,-9.2629,287.45,71,63,0.83,ES,1700929603
317,horqueta,-23.3428,-57.0597,295.09,99,100,2.22,PY,1700929603
318,les avirons,-21.2418,55.3394,296.2,69,75,1.03,RE,1700929603
319,kerikeri,-35.2268,173.9474,286.52,80,59,3.13,NZ,1700929603
320,hounde,11.5,-3.5167,308.79,16,100,2.12,BF,1700929604
321,tura,25.5198,90.2201,291.29,82,13,1.64,IN,1700929604
322,lages,-27.8161,-50.3261,296.48,45,7,1.95,BR,1700929604
323,tralee,52.2704,-9.7026,283.29,87,75,3.6,IE,1700929528
324,salym,60.0625,71.4789,264.23,96,95,1.64,RU,1700929604
325,la passe,45.5549,-0.8967,280.28,64,55,2.71,FR,1700929604
326,cooper's town,26.8667,-77.5167,297.16,78,92,4.63,BS,1700929604
327,coquimbo,-29.9533,-71.3436,290.0,77,75,4.63,CL,1700929581
328,kainantu,-6.2887,145.8655,289.27,97,54,0.09,PG,1700929604
329,borgarnes,64.5383,-21.9206,279.18,93,100,2.04,IS,1700929604
330,taco pozo,-25.6167,-63.2833,295.53,56,98,2.04,AR,1700929604
331,pacific grove,36.6177,-121.9166,285.05,58,0,3.6,US,1700929605
332,flying fish cove,-10.4217,105.6791,297.97,88,40,3.09,CX,1700929546
333,ta`u,-14.2336,-169.5144,300.69,82,100,6.38,AS,1700929605
334,santa cruz,-17.8,-63.1667,300.18,61,75,6.69,BO,1700929471
335,san agustin de valle fertil,-30.6335,-67.4682,298.94,34,0,5.99,AR,1700929605
336,sao joao da barra,-21.6403,-41.0511,300.2,63,98,6.14,BR,1700929423
337,casablanca,33.5928,-7.6192,293.16,52,0,3.09,MA,1700928979
338,semibratovo,57.3046,39.5369,263.12,97,68,1.15,RU,1700929605
339,santo antonio do ica,-3.1022,-67.9397,295.71,98,100,1.35,BR,1700929605
340,walvis bay,-22.9575,14.5053,292.09,68,28,5.69,NA,1700929605
341,trincomalee,8.5711,81.2335,300.28,82,91,4.16,LK,1700929605
342,molina,-35.1167,-71.2833,289.0,77,75,2.06,CL,1700929605
343,brandon,27.9378,-82.2859,296.33,69,100,4.63,US,1700929606
344,yenotayevka,47.2456,47.0281,281.92,89,98,4.56,RU,1700929606
345,port alfred,-33.5906,26.891,292.14,97,100,4.43,ZA,1700929606
346,murun-kuren,49.6342,100.1625,264.27,86,100,1.74,MN,1700929606
347,kayangel,8.0823,134.7173,301.9,76,51,5.26,PW,1700929606
348,ebon,4.582,168.6964,301.46,80,100,4.3,MH,1700929606
349,tindouf,27.6711,-8.1474,295.4,17,0,3.09,DZ,1700929606
350,san carlos,9.6612,-68.5827,305.46,50,94,1.83,VE,1700929606
351,yanchep,-31.55,115.6833,299.22,90,84,0.68,AU,1700929606
352,katabu,-4.9333,122.5167,298.23,90,60,1.18,ID,1700929606
353,acajutla,13.5928,-89.8275,302.45,65,98,0.62,SV,1700929607
354,butajira,8.1167,38.3667,289.62,49,6,3.2,ET,1700929607
355,banda aceh,5.5577,95.3222,298.97,86,100,2.87,ID,1700929607
356,at taj,24.2049,23.2857,293.45,29,100,4.24,LY,1700929607
357,ola,59.5833,151.2833,254.52,82,100,5.87,RU,1700929607
358,arteche,12.2645,125.4048,298.52,86,99,2.15,PH,1700929607
359,birobidzhan,48.8,132.95,256.38,79,68,4.47,RU,1700929607
360,pauini,-7.7136,-66.9764,300.33,70,100,1.31,BR,1700929607
361,songea,-10.6833,35.65,297.57,54,100,2.85,TZ,1700929607
362,mwene-ditu,-7.0,23.45,294.34,94,48,1.9,CD,1700929607
363,monticello,45.3055,-93.7941,271.51,53,100,4.12,US,1700929538
364,valparaiso,-33.0393,-71.6273,293.15,66,40,4.63,CL,1700929531
365,surandai,8.9667,77.4,297.91,88,86,1.35,IN,1700929608
366,polyarnyy,69.1989,33.4478,267.86,90,100,1.57,RU,1700929608
367,ribeira brava,32.65,-17.0667,295.5,57,67,1.28,PT,1700929608
368,nova xavantina,-14.6667,-52.35,311.66,27,61,2.04,BR,1700929608
369,lucas,41.6501,-83.6666,275.44,63,0,2.57,US,1700929608
370,huarmey,-10.0681,-78.1522,295.34,75,86,4.27,PE,1700929608
371,brisas de zicatela,15.8369,-97.0419,302.44,61,0,1.03,MX,1700929608
372,saint-affrique,43.9558,2.8892,278.03,67,2,2.59,FR,1700929326
373,wyndmoor,40.0812,-75.1893,277.08,56,0,3.6,US,1700929608
374,shingu,33.7333,135.9833,279.68,75,0,2.53,JP,1700929609
375,slatyne,50.2242,36.1608,272.5,96,100,2.44,UA,1700929609
376,narok,-1.0783,35.8601,290.96,83,100,1.85,KE,1700929609
377,deva,45.8833,22.9,276.23,94,100,1.01,RO,1700929609
378,padang,-0.9492,100.3543,298.18,88,100,1.76,ID,1700929609
379,pokhara,28.2333,83.9833,288.75,70,24,2.08,NP,1700929468
380,petropavlovsk-kamchatsky,53.0452,158.6483,267.48,69,20,11.62,RU,1700929390
381,maputo,-25.9653,32.5892,298.97,78,40,6.69,MZ,1700929367
382,aral,40.5156,81.2636,277.96,29,0,2.16,CN,1700929609
383,narwar,25.65,77.9,290.67,39,77,1.35,IN,1700929609
384,turaif,31.6725,38.6637,291.29,55,0,5.14,SA,1700929609
385,koulamoutou,-1.1303,12.4736,300.62,71,98,1.73,GA,1700929609
386,saint-francois,46.4154,3.9054,276.29,88,75,0.51,FR,1700929609
387,pisco,-13.7,-76.2167,296.18,64,0,4.12,PE,1700929610
388,chitipa,-9.7024,33.2697,297.81,52,94,4.14,MW,1700929610
389,terrace,54.5163,-128.6035,275.1,93,100,2.57,CA,1700929610
390,dakhla,23.6848,-15.958,295.16,64,0,8.23,EH,1700929610
391,new norfolk,-42.7826,147.0587,286.99,99,100,1.13,AU,1700929610
392,nizao,18.25,-70.2,303.97,71,5,3.93,DO,1700929610
393,cannonvale,-20.2833,148.7,295.81,82,87,2.1,AU,1700929610
394,york,40.1254,-77.0,276.33,52,0,1.54,US,1700929610
395,kiunga,-6.1219,141.2906,296.98,98,56,0.37,PG,1700929610
396,iskushuban,10.2837,50.23,298.53,64,20,8.38,SO,1700929610
397,san borja,-14.8167,-66.85,295.19,94,100,0.93,BO,1700929611
398,alenquer,-1.9417,-54.7383,309.14,35,90,2.49,BR,1700929611
399,geraldton,-28.7667,114.6,294.38,83,100,4.12,AU,1700929611
400,kalmunai,7.4167,81.8167,300.05,81,100,3.23,LK,1700929611
401,urumqi,43.801,87.6005,273.68,87,99,1.0,CN,1700929540
402,port blair,11.6667,92.75,301.17,74,40,3.09,IN,1700929611
403,westport,41.1415,-73.3579,276.98,46,0,3.6,US,1700929611
404,akureyri,65.6835,-18.0878,276.11,93,0,0.0,IS,1700929611
405,caraballeda,10.6112,-66.8522,306.13,64,40,3.09,VE,1700929611
406,kolonia,50.9333,6.95,280.4,84,75,5.14,DE,1700929410
407,campo belo,-20.8972,-45.2772,296.87,69,98,2.85,BR,1700929611
408,kristiansund,63.1115,7.732,275.18,86,100,1.54,NO,1700929611
409,anshan,41.1236,122.99,271.04,91,100,5.45,CN,1700929393
410,liezen,47.5667,14.2333,272.29,97,100,1.89,AT,1700929612
411,prachuap khiri khan,12.2167,99.75,295.43,77,100,1.9,TH,1700929612
412,akonolinga,3.7667,12.25,300.86,68,54,0.76,CM,1700929612
413,vengerovo,55.6848,76.7471,264.98,93,91,3.28,RU,1700929612
414,bubaque,11.2833,-15.8333,301.13,36,35,2.45,GW,1700929612
415,okondja,-0.6549,13.6753,297.84,85,99,1.23,GA,1700929612
416,pangody,65.85,74.4859,254.2,80,1,6.22,RU,1700929612
417,saint-denis,48.9167,2.3333,280.03,66,0,4.63,FR,1700929531
418,loen,7.7601,168.2307,301.5,77,78,9.12,MH,1700929612
419,brooks,50.5834,-111.8851,269.94,89,67,1.54,CA,1700929613
420,san pedro pochutla,15.7333,-96.4667,304.99,50,3,1.41,MX,1700929613
421,valdivia,-39.8142,-73.2459,290.2,43,1,1.11,CL,1700929613
422,khandyga,62.6667,135.6,233.33,99,100,0.36,RU,1700929613
423,kampong thom,12.7111,104.8887,298.13,70,99,2.06,KH,1700929613
424,tibanbang,6.6315,126.1055,300.09,79,94,2.24,PH,1700929613
425,portland,45.5234,-122.6762,277.27,88,100,4.47,US,1700929613
426,tomatlan,19.9333,-105.25,298.36,42,2,1.06,MX,1700929613
427,iquique,-20.2208,-70.1431,294.17,66,81,3.63,CL,1700929613
428,neratovice,50.2593,14.5176,275.3,93,100,4.63,CZ,1700929614
429,malakal,9.5334,31.6605,306.84,28,19,1.31,SS,1700929614
430,pinotepa nacional,16.3167,-98.0167,303.09,54,4,0.52,MX,1700929614
431,anamur,36.0751,32.8369,290.71,82,53,6.3,TR,1700929614
432,mont-dore,-22.2833,166.5833,291.14,77,100,2.68,NC,1700929614
433,ambon,-3.6954,128.1814,299.31,15,40,2.57,ID,1700929614
434,say,13.1007,2.3689,309.46,16,99,2.87,NE,1700929614
435,rio bueno,-40.3167,-72.9667,285.23,46,34,1.95,CL,1700929614
436,ar ruways,24.1103,52.7306,298.03,69,9,4.23,AE,1700929614
437,nova vicosa,-17.8919,-39.3719,298.29,66,100,7.53,BR,1700929614
438,lycksele,64.5954,18.6735,268.08,80,75,4.12,SE,1700929615
439,chui,-33.6971,-53.4616,292.94,55,100,4.17,UY,1700929615
440,wuhai,39.6647,106.8122,273.53,35,1,2.7,CN,1700929509
441,hithadhoo,-0.6,73.0833,300.73,78,92,2.19,MV,1700929615
442,castillos,-34.1667,-53.8333,293.08,52,100,3.71,UY,1700929615
443,benghazi,32.1167,20.0667,292.86,72,100,14.49,LY,1700929351
444,kingscliff,-28.2667,153.5667,293.0,88,99,2.06,AU,1700929615
445,ketchikan,55.3422,-131.6461,280.41,100,100,2.06,US,1700929615
446,sao joao do piaui,-8.3581,-42.2467,313.08,19,24,2.66,BR,1700929615
447,lionel town,17.8101,-77.2406,305.09,64,76,3.43,JM,1700929616
448,piacabucu,-10.4056,-36.4344,302.75,55,68,5.06,BR,1700929616
449,chernyshevskiy,63.0128,112.4714,237.05,100,31,1.05,RU,1700929616
450,thomson,33.4707,-82.5046,285.61,74,100,4.63,US,1700929616
451,vancleave,30.5405,-88.6875,291.53,56,75,2.57,US,1700929616
452,antigonish,45.6169,-61.9986,271.38,74,73,3.58,CA,1700929616
453,olinda,-8.0089,-34.8553,303.0,58,40,4.63,BR,1700929616
454,kurchatov,51.6601,35.6521,271.38,95,100,1.22,RU,1700929616
455,bairnsdale,-37.8333,147.6167,286.43,95,51,1.37,AU,1700929617
456,fredericksburg,38.3032,-77.4605,278.79,52,0,11.18,US,1700929617
457,san-pedro,4.7485,-6.6363,301.44,75,63,5.22,CI,1700929617
458,katol,21.2667,78.5833,294.41,52,0,2.78,IN,1700929617
459,greymouth,-42.4667,171.2,280.21,88,0,2.08,NZ,1700929617
460,kavieng,-2.5744,150.7967,300.31,80,40,0.42,PG,1700929617
461,namibe,-15.1961,12.1522,297.29,80,100,2.35,AO,1700929617
462,ciudad lazaro cardenas,17.9583,-102.2,299.51,63,0,2.0,MX,1700929617
463,al kharijah,25.4514,30.5464,300.45,17,100,3.55,EG,1700929617
464,manturovo,58.3353,44.7619,263.03,97,79,1.08,RU,1700929618
465,qamdo,31.1667,97.2333,264.31,19,0,0.65,CN,1700929618
466,pavlodol'skaya,43.7192,44.4781,282.7,80,43,1.15,RU,1700929618
467,ndikinimeki,4.7667,10.8333,298.35,78,98,0.82,CM,1700929618
468,dokkum,53.3222,5.997,279.82,93,75,2.57,NL,1700929618
469,port saint john's,-31.6229,29.5448,295.04,93,100,2.71,ZA,1700929618
470,al qusayr,34.5091,36.5798,288.35,58,100,0.93,SY,1700929618
471,mzimba,-11.9,33.6,296.33,59,67,4.03,MW,1700929618
472,meadow lake,34.8014,-106.5436,275.2,88,99,3.76,US,1700929618
473,laascaanood,8.4774,47.3597,300.9,31,99,3.44,SO,1700929619
474,northam,51.0333,-4.2167,281.29,83,97,2.27,GB,1700929619
475,uturoa,-16.7333,-151.4333,299.78,80,73,11.38,PF,1700929619
476,homer,59.6425,-151.5483,278.02,93,100,0.0,US,1700929559
477,sitka,57.0531,-135.33,281.09,93,100,0.0,US,1700929619
478,dauphin,51.1494,-100.0502,271.23,74,0,7.72,CA,1700929619
479,mujiayingzi,42.1167,118.7833,265.7,39,0,3.17,CN,1700929619
480,dera bugti,29.0307,69.151,293.79,29,100,1.36,PK,1700929619
481,savonlinna,61.8699,28.88,255.18,85,0,2.06,FI,1700929619
482,antonio enes,-16.2325,39.9086,300.73,76,46,7.1,MZ,1700929619
483,luwuk,-0.9516,122.7875,298.67,89,100,0.85,ID,1700929619
484,turtas,58.9417,69.1325,264.66,95,85,2.4,RU,1700929620
485,aldama,22.9167,-98.0667,296.76,67,79,1.09,MX,1700929620
486,dong ha,16.8163,107.1003,295.36,97,100,0.94,VN,1700929620
487,buka,40.8108,69.1986,284.84,40,97,1.59,UZ,1700929620
488,amlagora,22.8333,87.3333,294.85,46,9,2.08,IN,1700929620
489,rajin,42.2489,130.3003,269.02,43,88,2.33,KP,1700929620
490,purcell,35.0137,-97.3611,278.62,77,100,3.57,US,1700929620
491,san antonio de pale,-1.4014,5.6325,300.75,75,85,3.24,GQ,1700929620
492,ribadeo,43.5325,-7.0991,285.64,85,81,1.27,ES,1700929620
493,tsiombe,-25.3,45.4833,298.97,70,0,4.11,MG,1700929620
494,tahe,52.3333,124.7333,252.98,79,3,1.95,CN,1700929620
495,salinas,36.6777,-121.6555,285.27,51,0,3.6,US,1700929620
496,goseong,34.9763,128.3236,269.17,39,0,2.21,KR,1700929621
497,shubarshi,48.5872,57.1869,273.36,83,96,4.2,KZ,1700929621
498,i-n-salah,27.1935,2.4607,294.36,23,8,0.49,DZ,1700929621
499,tak bai,6.2595,102.0546,297.14,92,100,4.09,TH,1700929621
500,savelugu,9.6244,-0.8253,308.29,35,97,3.31,GH,1700929621
501,erechim,-27.6342,-52.2739,296.72,54,12,1.98,BR,1700929621
502,minas de marcona,-15.2119,-75.1103,293.97,53,72,6.02,PE,1700929621
503,basni,27.1667,73.65,295.44,26,100,2.98,IN,1700929621
504,alo,7.4178,6.7371,304.85,57,82,1.88,NG,1700929622
505,lagoa,39.05,-27.9833,292.1,92,100,8.85,PT,1700929622
506,revelstoke,50.9832,-118.2023,272.16,80,100,0.0,CA,1700929622
507,konarka,19.9,86.1167,296.37,61,66,3.77,IN,1700929622
508,totness,5.8833,-56.3167,303.26,65,59,6.17,SR,1700929622
509,bor,56.3567,44.0669,273.11,94,89,4.0,RU,1700929547
510,colotlan,22.1,-103.2667,287.89,26,8,1.92,MX,1700929622
511,dapa,9.7594,126.0531,300.33,80,100,2.13,PH,1700929622
512,sao borja,-28.6606,-56.0044,298.49,62,17,4.51,BR,1700929622
513,general acha,-37.377,-64.6043,306.06,17,15,9.87,AR,1700929622
514,puerto quijarro,-17.7833,-57.7667,308.75,42,85,0.82,BO,1700929623
515,shimanovsk,52.0,127.7,255.7,66,0,4.04,RU,1700929623
516,medianeira,-25.2953,-54.0939,290.95,93,100,2.08,BR,1700929459
517,yangjiang,21.85,111.9667,292.18,81,1,2.69,CN,1700929623
518,pimampiro,0.4,-77.9667,291.72,73,95,2.72,EC,1700929623
519,piti village,13.4626,144.6933,301.18,86,20,5.66,GU,1700929623
520,katpur,21.05,71.7833,300.68,58,63,2.06,IN,1700929623
521,moab,38.5733,-109.5498,274.05,78,91,3.55,US,1700929623
522,gwanda,-20.9333,29.0,307.64,12,2,6.42,ZW,1700929623
523,zalari,53.5584,102.5065,263.46,95,100,0.5,RU,1700929624
524,hadibu,12.65,54.0333,299.56,70,21,4.58,YE,1700929624
525,chul'man,56.8479,124.9104,247.99,100,100,0.66,RU,1700929624
526,champerico,14.3,-91.9167,303.45,69,7,1.02,GT,1700929624
527,tutoia,-2.7619,-42.2744,303.53,62,37,6.95,BR,1700929624
528,fortuna,40.5982,-124.1573,275.57,93,0,4.12,US,1700929624
529,kailua-kona,19.6406,-155.9956,296.26,79,0,2.06,US,1700929624
530,tromso,69.6496,18.957,269.16,93,40,1.03,NO,1700929560
531,naze,28.3667,129.4833,291.66,61,91,3.97,JP,1700929625
532,porto uniao,-26.2381,-51.0783,297.96,42,79,2.0,BR,1700929625
533,chanthaburi,12.8333,102.1667,291.76,75,100,1.61,TH,1700929625
534,palangkaraya,-2.2,113.8333,296.86,98,96,0.93,ID,1700929625
535,thal,35.4791,72.2439,280.26,50,100,3.44,PK,1700929625
536,beau vallon,-20.4189,57.6953,298.28,73,40,5.14,MU,1700929625
537,remire-montjoly,4.9167,-52.2667,303.17,70,75,6.69,GF,1700929625
538,yangambi,0.8102,24.4336,293.85,99,100,1.04,CD,1700929625
539,boyolangu,-8.1181,111.8935,298.06,86,100,1.37,ID,1700929625
540,malango,-2.9627,119.9001,293.19,98,100,0.96,ID,1700929626
541,darwin,-12.4611,130.8418,299.14,89,84,1.03,AU,1700929626
542,manismata,-2.4667,111.0333,297.13,97,98,0.96,ID,1700929626
543,verkhnevilyuysk,63.4453,120.3167,241.56,98,67,2.84,RU,1700929626
544,dul'durga,50.6761,113.5931,250.7,97,33,1.04,RU,1700929626
545,paradip garh,20.3167,86.6167,296.78,59,44,2.59,IN,1700929626
546,torbat-e heydariyeh,35.274,59.2195,283.1,24,2,2.55,IR,1700929626
547,puerto deseado,-47.7503,-65.8938,296.28,26,42,8.01,AR,1700929626
548,vadso,70.0744,29.7487,274.64,93,100,6.69,NO,1700929626
549,kekri,25.9667,75.15,294.01,34,62,3.53,IN,1700929626
550,sipalay,9.75,122.5,297.7,90,83,2.59,PH,1700929627
551,kaoma,-14.7833,24.8,300.94,44,70,1.09,ZM,1700929627
552,wusong,30.95,117.7833,283.96,61,26,1.87,CN,1700929627
553,plastun,44.7561,136.2939,262.48,48,100,5.42,RU,1700929627
554,kruisfontein,-34.0033,24.7314,292.7,66,100,3.47,ZA,1700929627
555,bassar,9.25,0.7833,306.47,38,98,2.5,TG,1700929627
556,lae,-6.7221,146.9847,297.67,83,17,2.25,PG,1700929627
557,bejaia,36.7559,5.0843,288.75,77,40,1.03,DZ,1700929627
558,hopelchen,19.7667,-89.85,303.35,56,82,1.59,MX,1700929627
559,puerto baquerizo moreno,-0.9,-89.6,301.7,84,40,6.17,EC,1700929627
560,anqing,30.5092,117.0506,285.07,50,13,0.61,CN,1700929627
561,panagar,23.3,79.9833,290.3,37,0,2.22,IN,1700929628
562,orvieto,42.7195,12.1116,281.54,43,1,5.39,IT,1700929628
563,isangel,-19.55,169.2667,294.71,78,100,3.05,VU,1700929628
564,beyneu,45.3167,55.2,280.18,58,84,7.33,KZ,1700929628
565,brena alta,28.65,-17.7833,294.12,64,75,3.09,ES,1700929628
566,callao,-12.0667,-77.15,297.99,77,100,2.06,PE,1700929622
567,nizamabad,18.6667,78.1167,296.45,79,70,1.83,IN,1700929614
568,mouila,-1.8685,11.0559,300.69,81,99,0.72,GA,1700929628
569,caleta de carquin,-11.0925,-77.6267,294.25,76,100,4.13,PE,1700929628
570,camiri,-20.05,-63.5167,296.03,78,100,0.0,BO,1700929628
571,selfoss,63.9331,-20.9971,278.19,91,100,2.53,IS,1700929628
572,tatarsk,55.219,75.9828,266.89,94,97,4.34,RU,1700929629
573,stuarts draft,38.0301,-79.0336,277.45,51,0,0.0,US,1700929629
574,bebedja,8.6761,16.566,305.87,27,92,0.99,TD,1700929629
575,soio,-6.1349,12.3689,300.91,73,95,2.44,AO,1700929629
576,loukhi,66.0764,33.0381,265.22,95,100,3.07,RU,1700929629
577,amos,48.5669,-78.1162,271.75,75,72,5.86,CA,1700929629
578,kuala terengganu,5.3302,103.1408,298.12,94,20,1.03,MY,1700929629
579,tobol'sk,58.2,68.2667,264.04,71,91,2.68,RU,1700929348
580,alofi,-19.0595,-169.9187,299.09,94,90,3.6,NU,1700929557
581,urazovo,50.0836,38.0395,272.46,96,100,1.98,RU,1700929491
